País;Ano;Quantidade_Litros;Valor_USD
Africa do Sul;2008;315380.0;1151699.0
Africa do Sul;2009;493093.0;1931449.0
Africa do Sul;2010;966276.0;3600658.0
Africa do Sul;2011;507509.0;2136394.0
Africa do Sul;2012;722327.0;3041449.0
Africa do Sul;2013;475331.0;1985184.0
Africa do Sul;2014;722715.0;3033932.0
Africa do Sul;2015;743335.0;2996543.0
Africa do Sul;2016;578829.0;1686226.0
Africa do Sul;2017;1138732.0;3241298.0
Africa do Sul;2018;1127053.0;3574371.0
Africa do Sul;2019;1092042.0;3604038.0
Africa do Sul;2020;627150.0;1701072.0
Africa do Sul;2021;859169.0;2508140.0
Africa do Sul;2022;738116.0;2266827.0
Africa do Sul;2023;522733.0;1732850.0
Alemanha;2008;293935.0;1063825.0
Alemanha;2009;56075.0;291876.0
Alemanha;2010;192661.0;784674.0
Alemanha;2011;198025.0;933545.0
Alemanha;2012;113243.0;591167.0
Alemanha;2013;114866.0;414070.0
Alemanha;2014;115804.0;483316.0
Alemanha;2015;95171.0;358275.0
Alemanha;2016;158386.0;606333.0
Alemanha;2017;83289.0;315959.0
Alemanha;2018;142971.0;516975.0
Alemanha;2019;101055.0;412794.0
Alemanha;2020;136992.0;504168.0
Alemanha;2021;106541.0;546967.0
Alemanha;2022;92600.0;438595.0
Alemanha;2023;102456.0;557947.0
Argentina;2008;14417761.0;37382581.0
Argentina;2009;13902750.0;38521731.0
Argentina;2010;16965266.0;52126581.0
Argentina;2011;16673491.0;58806736.0
Argentina;2012;14613839.0;55633562.0
Argentina;2013;12732815.0;49524694.0
Argentina;2014;13437321.0;53815956.0
Argentina;2015;12465041.0;48043201.0
Argentina;2016;14098009.0;45214862.0
Argentina;2017;15461740.0;51770842.0
Argentina;2018;15221318.0;52817642.0
Argentina;2019;16548931.0;54527380.0
Argentina;2020;22610267.0;66322932.0
Argentina;2021;26869241.0;79527959.0
Argentina;2022;27980574.0;87519642.0
Argentina;2023;25276991.0;83918138.0
Argélia;2008;0.0;0.0
Argélia;2009;0.0;0.0
Argélia;2010;0.0;0.0
Argélia;2011;0.0;0.0
Argélia;2012;0.0;0.0
Argélia;2013;0.0;0.0
Argélia;2014;0.0;0.0
Argélia;2015;0.0;0.0
Argélia;2016;0.0;43.0
Argélia;2017;0.0;0.0
Argélia;2018;0.0;0.0
Argélia;2019;0.0;0.0
Argélia;2020;0.0;0.0
Argélia;2021;0.0;0.0
Argélia;2022;0.0;0.0
Argélia;2023;0.0;0.0
Arménia;2008;0.0;0.0
Arménia;2009;0.0;0.0
Arménia;2010;0.0;0.0
Arménia;2011;0.0;0.0
Arménia;2012;0.0;0.0
Arménia;2013;0.0;0.0
Arménia;2014;0.0;0.0
Arménia;2015;0.0;0.0
Arménia;2016;0.0;0.0
Arménia;2017;0.0;0.0
Arménia;2018;0.0;0.0
Arménia;2019;0.0;0.0
Arménia;2020;0.0;0.0
Arménia;2021;0.0;0.0
Arménia;2022;2385.0;13668.0
Arménia;2023;3542.0;24336.0
Arábia Saudita;2008;0.0;0.0
Arábia Saudita;2009;0.0;0.0
Arábia Saudita;2010;0.0;0.0
Arábia Saudita;2011;0.0;0.0
Arábia Saudita;2012;0.0;0.0
Arábia Saudita;2013;0.0;0.0
Arábia Saudita;2014;0.0;0.0
Arábia Saudita;2015;0.0;0.0
Arábia Saudita;2016;0.0;43.0
Arábia Saudita;2017;0.0;0.0
Arábia Saudita;2018;563.0;3249.0
Arábia Saudita;2019;0.0;0.0
Arábia Saudita;2020;0.0;0.0
Arábia Saudita;2021;2510.0;8761.0
Arábia Saudita;2022;0.0;0.0
Arábia Saudita;2023;8.0;161.0
Austrália;2008;215135.0;1248671.0
Austrália;2009;270908.0;998680.0
Austrália;2010;405271.0;1864846.0
Austrália;2011;824440.0;2811273.0
Austrália;2012;615334.0;2474783.0
Austrália;2013;553190.0;1703815.0
Austrália;2014;236742.0;1008851.0
Austrália;2015;395030.0;1261810.0
Austrália;2016;498515.0;1537834.0
Austrália;2017;354641.0;1246545.0
Austrália;2018;3518.0;21664.0
Austrália;2019;16292.0;1214643.0
Austrália;2020;212595.0;792051.0
Austrália;2021;366875.0;1383093.0
Austrália;2022;579279.0;1590059.0
Austrália;2023;432829.0;1568550.0
Bermudas;2008;0.0;0.0
Bermudas;2009;0.0;0.0
Bermudas;2010;0.0;0.0
Bermudas;2011;0.0;0.0
Bermudas;2012;0.0;0.0
Bermudas;2013;0.0;0.0
Bermudas;2014;0.0;0.0
Bermudas;2015;0.0;0.0
Bermudas;2016;0.0;0.0
Bermudas;2017;0.0;0.0
Bermudas;2018;0.0;0.0
Bermudas;2019;0.0;0.0
Bermudas;2020;0.0;0.0
Bermudas;2021;10.0;141.0
Bermudas;2022;1.0;4.0
Bermudas;2023;6.0;879.0
Bolívia;2008;0.0;0.0
Bolívia;2009;0.0;0.0
Bolívia;2010;0.0;0.0
Bolívia;2011;0.0;0.0
Bolívia;2012;0.0;0.0
Bolívia;2013;0.0;0.0
Bolívia;2014;0.0;0.0
Bolívia;2015;0.0;0.0
Bolívia;2016;0.0;0.0
Bolívia;2017;0.0;0.0
Bolívia;2018;0.0;0.0
Bolívia;2019;0.0;0.0
Bolívia;2020;0.0;0.0
Bolívia;2021;0.0;0.0
Bolívia;2022;0.0;0.0
Bolívia;2023;1170.0;10920.0
Brasil;2008;309.0;1769.0
Brasil;2009;0.0;0.0
Brasil;2010;7.0;232.0
Brasil;2011;93.0;1164.0
Brasil;2012;1051.0;15016.0
Brasil;2013;473.0;5747.0
Brasil;2014;449.0;6011.0
Brasil;2015;1359.0;12919.0
Brasil;2016;183.0;2127.0
Brasil;2017;845617.0;260135.0
Brasil;2018;18040.0;121806.0
Brasil;2019;29295.0;246008.0
Brasil;2020;4347.0;41213.0
Brasil;2021;12602.0;39816.0
Brasil;2022;1.0;5.0
Brasil;2023;6229.0;76894.0
Bulgária;2008;0.0;0.0
Bulgária;2009;0.0;0.0
Bulgária;2010;20997.0;94727.0
Bulgária;2011;1097.0;2527.0
Bulgária;2012;0.0;0.0
Bulgária;2013;5947.0;21988.0
Bulgária;2014;15019.0;46857.0
Bulgária;2015;17244.0;51678.0
Bulgária;2016;17777.0;55253.0
Bulgária;2017;35284.0;68234.0
Bulgária;2018;16166.0;17550.0
Bulgária;2019;10944.0;9915.0
Bulgária;2020;23110.0;58319.0
Bulgária;2021;34185.0;105623.0
Bulgária;2022;29929.0;43221.0
Bulgária;2023;40281.0;95232.0
Bélgica;2008;0.0;0.0
Bélgica;2009;0.0;0.0
Bélgica;2010;0.0;0.0
Bélgica;2011;0.0;0.0
Bélgica;2012;0.0;0.0
Bélgica;2013;0.0;0.0
Bélgica;2014;0.0;0.0
Bélgica;2015;0.0;0.0
Bélgica;2016;7.0;1090.0
Bélgica;2017;4376.0;45221.0
Bélgica;2018;163.0;1201.0
Bélgica;2019;7.0;30.0
Bélgica;2020;0.0;0.0
Bélgica;2021;0.0;0.0
Bélgica;2022;0.0;0.0
Bélgica;2023;0.0;0.0
Bósnia-Herzegovina;2008;0.0;0.0
Bósnia-Herzegovina;2009;0.0;0.0
Bósnia-Herzegovina;2010;0.0;0.0
Bósnia-Herzegovina;2011;0.0;0.0
Bósnia-Herzegovina;2012;0.0;0.0
Bósnia-Herzegovina;2013;0.0;0.0
Bósnia-Herzegovina;2014;0.0;0.0
Bósnia-Herzegovina;2015;0.0;0.0
Bósnia-Herzegovina;2016;0.0;0.0
Bósnia-Herzegovina;2017;0.0;0.0
Bósnia-Herzegovina;2018;0.0;0.0
Bósnia-Herzegovina;2019;0.0;0.0
Bósnia-Herzegovina;2020;1218.0;902.0
Bósnia-Herzegovina;2021;0.0;0.0
Bósnia-Herzegovina;2022;0.0;0.0
Bósnia-Herzegovina;2023;0.0;0.0
Canada;2008;396.0;30957.0
Canada;2009;0.0;0.0
Canada;2010;0.0;0.0
Canada;2011;2322.0;35032.0
Canada;2012;0.0;0.0
Canada;2013;0.0;0.0
Canada;2014;1530.0;25958.0
Canada;2015;0.0;0.0
Canada;2016;0.0;0.0
Canada;2017;0.0;0.0
Canada;2018;301.0;17418.0
Canada;2019;0.0;0.0
Canada;2020;0.0;0.0
Canada;2021;0.0;0.0
Canada;2022;884.0;11607.0
Canada;2023;14.0;1062.0
Chile;2008;18662626.0;50748373.0
Chile;2009;22476643.0;61380795.0
Chile;2010;26434744.0;72983389.0
Chile;2011;26642889.0;84952500.0
Chile;2012;30258795.0;93315735.0
Chile;2013;28288212.0;90281256.0
Chile;2014;35479279.0;113375484.0
Chile;2015;36686870.0;107684380.0
Chile;2016;43400991.0;123183079.0
Chile;2017;51787643.0;145628860.0
Chile;2018;51104825.0;144731210.0
Chile;2019;52697108.0;145471294.0
Chile;2020;72726186.0;176540499.0
Chile;2021;69617587.0;182568098.0
Chile;2022;68881232.0;184335335.0
Chile;2023;62358765.0;170146247.0
China;2008;6858.0;32738.0
China;2009;0.0;0.0
China;2010;0.0;0.0
China;2011;0.0;0.0
China;2012;0.0;0.0
China;2013;0.0;0.0
China;2014;0.0;0.0
China;2015;0.0;0.0
China;2016;108.0;213.0
China;2017;1000.0;613.0
China;2018;5.0;472.0
China;2019;317.0;2458.0
China;2020;0.0;0.0
China;2021;0.0;0.0
China;2022;0.0;0.0
China;2023;0.0;0.0
Coreia do Sul, República;2008;0.0;0.0
Coreia do Sul, República;2009;0.0;0.0
Coreia do Sul, República;2010;0.0;0.0
Coreia do Sul, República;2011;0.0;0.0
Coreia do Sul, República;2012;0.0;0.0
Coreia do Sul, República;2013;0.0;0.0
Coreia do Sul, República;2014;0.0;0.0
Coreia do Sul, República;2015;0.0;0.0
Coreia do Sul, República;2016;0.0;0.0
Coreia do Sul, República;2017;0.0;0.0
Coreia do Sul, República;2018;0.0;0.0
Coreia do Sul, República;2019;0.0;0.0
Coreia do Sul, República;2020;0.0;0.0
Coreia do Sul, República;2021;0.0;0.0
Coreia do Sul, República;2022;0.0;0.0
Coreia do Sul, República;2023;0.0;0.0
Croácia;2008;0.0;0.0
Croácia;2009;0.0;0.0
Croácia;2010;0.0;0.0
Croácia;2011;450.0;12388.0
Croácia;2012;630.0;16571.0
Croácia;2013;0.0;0.0
Croácia;2014;0.0;0.0
Croácia;2015;2069.0;3779.0
Croácia;2016;0.0;0.0
Croácia;2017;0.0;0.0
Croácia;2018;0.0;0.0
Croácia;2019;450.0;2900.0
Croácia;2020;0.0;0.0
Croácia;2021;17343.0;78954.0
Croácia;2022;887.0;35563.0
Croácia;2023;1107.0;9160.0
Cuba;2008;0.0;0.0
Cuba;2009;0.0;0.0
Cuba;2010;0.0;0.0
Cuba;2011;0.0;0.0
Cuba;2012;0.0;0.0
Cuba;2013;0.0;0.0
Cuba;2014;0.0;0.0
Cuba;2015;0.0;0.0
Cuba;2016;0.0;0.0
Cuba;2017;0.0;0.0
Cuba;2018;0.0;0.0
Cuba;2019;0.0;0.0
Cuba;2020;0.0;0.0
Cuba;2021;0.0;0.0
Cuba;2022;0.0;0.0
Cuba;2023;8.0;261.0
Emirados Ârabes Unidos;2008;0.0;0.0
Emirados Ârabes Unidos;2009;0.0;0.0
Emirados Ârabes Unidos;2010;0.0;0.0
Emirados Ârabes Unidos;2011;0.0;0.0
Emirados Ârabes Unidos;2012;0.0;0.0
Emirados Ârabes Unidos;2013;0.0;0.0
Emirados Ârabes Unidos;2014;35.0;1138.0
Emirados Ârabes Unidos;2015;529.0;10093.0
Emirados Ârabes Unidos;2016;2175.0;35489.0
Emirados Ârabes Unidos;2017;0.0;0.0
Emirados Ârabes Unidos;2018;0.0;0.0
Emirados Ârabes Unidos;2019;0.0;0.0
Emirados Ârabes Unidos;2020;0.0;0.0
Emirados Ârabes Unidos;2021;0.0;0.0
Emirados Ârabes Unidos;2022;0.0;0.0
Emirados Ârabes Unidos;2023;0.0;0.0
Eslováquia;2008;0.0;0.0
Eslováquia;2009;0.0;0.0
Eslováquia;2010;0.0;0.0
Eslováquia;2011;0.0;0.0
Eslováquia;2012;0.0;0.0
Eslováquia;2013;0.0;0.0
Eslováquia;2014;0.0;0.0
Eslováquia;2015;0.0;0.0
Eslováquia;2016;1305.0;3878.0
Eslováquia;2017;21424.0;64828.0
Eslováquia;2018;10800.0;17938.0
Eslováquia;2019;459.0;3160.0
Eslováquia;2020;0.0;0.0
Eslováquia;2021;0.0;0.0
Eslováquia;2022;0.0;0.0
Eslováquia;2023;0.0;0.0
Eslovénia;2008;0.0;0.0
Eslovénia;2009;0.0;0.0
Eslovénia;2010;0.0;0.0
Eslovénia;2011;3600.0;62602.0
Eslovénia;2012;433.0;1223.0
Eslovénia;2013;2192.0;25307.0
Eslovénia;2014;4190.0;23377.0
Eslovénia;2015;4640.0;24190.0
Eslovénia;2016;14366.0;46972.0
Eslovénia;2017;0.0;0.0
Eslovénia;2018;20976.0;68521.0
Eslovénia;2019;30968.0;101190.0
Eslovénia;2020;11392.0;39771.0
Eslovénia;2021;42944.0;172141.0
Eslovénia;2022;31509.0;127726.0
Eslovénia;2023;28806.0;124283.0
Espanha;2008;990697.0;6036397.0
Espanha;2009;1119540.0;6224187.0
Espanha;2010;1622100.0;8698824.0
Espanha;2011;1999970.0;11175636.0
Espanha;2012;2540209.0;11724946.0
Espanha;2013;2772104.0;13570874.0
Espanha;2014;2760797.0;12797753.0
Espanha;2015;3024533.0;11396855.0
Espanha;2016;3948614.0;12221512.0
Espanha;2017;7240535.0;19834451.0
Espanha;2018;5595268.0;19353631.0
Espanha;2019;5797980.0;17111436.0
Espanha;2020;7169384.0;19802061.0
Espanha;2021;8793911.0;23795616.0
Espanha;2022;6487047.0;17187749.0
Espanha;2023;6591628.0;20097228.0
Estados Unidos;2008;65956.0;542331.0
Estados Unidos;2009;85393.0;702825.0
Estados Unidos;2010;194774.0;1344921.0
Estados Unidos;2011;369806.0;1756901.0
Estados Unidos;2012;379329.0;1995929.0
Estados Unidos;2013;518888.0;2817086.0
Estados Unidos;2014;788773.0;4171731.0
Estados Unidos;2015;775131.0;3848755.0
Estados Unidos;2016;725420.0;2924715.0
Estados Unidos;2017;1372347.0;4110641.0
Estados Unidos;2018;548655.0;2584781.0
Estados Unidos;2019;534870.0;2400830.0
Estados Unidos;2020;366584.0;2119234.0
Estados Unidos;2021;506405.0;2809649.0
Estados Unidos;2022;393211.0;3023220.0
Estados Unidos;2023;244276.0;1775713.0
França;2008;2466277.0;16275708.0
França;2009;2372448.0;16893114.0
França;2010;2799118.0;18778566.0
França;2011;3329437.0;22917012.0
França;2012;3181440.0;21636175.0
França;2013;3265362.0;23336291.0
França;2014;3592782.0;27480375.0
França;2015;3617130.0;19353291.0
França;2016;3831566.0;15940341.0
França;2017;5921728.0;25280255.0
França;2018;4653789.0;22688105.0
França;2019;5324383.0;24299524.0
França;2020;5658139.0;24894394.0
França;2021;6241310.0;31428188.0
França;2022;4911903.0;25955232.0
França;2023;4899631.0;30421272.0
Geórgia;2008;0.0;0.0
Geórgia;2009;0.0;0.0
Geórgia;2010;0.0;0.0
Geórgia;2011;0.0;0.0
Geórgia;2012;0.0;0.0
Geórgia;2013;33750.0;134202.0
Geórgia;2014;0.0;0.0
Geórgia;2015;0.0;0.0
Geórgia;2016;0.0;0.0
Geórgia;2017;0.0;0.0
Geórgia;2018;8164.0;20416.0
Geórgia;2019;21748.0;41161.0
Geórgia;2020;20274.0;42948.0
Geórgia;2021;19188.0;32901.0
Geórgia;2022;12506.0;26983.0
Geórgia;2023;17173.0;29084.0
Geórgia do Sul e Sandwich do Sul, Ilhas;2008;0.0;0.0
Geórgia do Sul e Sandwich do Sul, Ilhas;2009;0.0;0.0
Geórgia do Sul e Sandwich do Sul, Ilhas;2010;0.0;0.0
Geórgia do Sul e Sandwich do Sul, Ilhas;2011;0.0;0.0
Geórgia do Sul e Sandwich do Sul, Ilhas;2012;0.0;0.0
Geórgia do Sul e Sandwich do Sul, Ilhas;2013;0.0;0.0
Geórgia do Sul e Sandwich do Sul, Ilhas;2014;0.0;0.0
Geórgia do Sul e Sandwich do Sul, Ilhas;2015;0.0;0.0
Geórgia do Sul e Sandwich do Sul, Ilhas;2016;0.0;0.0
Geórgia do Sul e Sandwich do Sul, Ilhas;2017;0.0;0.0
Geórgia do Sul e Sandwich do Sul, Ilhas;2018;0.0;0.0
Geórgia do Sul e Sandwich do Sul, Ilhas;2019;0.0;0.0
Geórgia do Sul e Sandwich do Sul, Ilhas;2020;0.0;0.0
Geórgia do Sul e Sandwich do Sul, Ilhas;2021;1838.0;2915.0
Geórgia do Sul e Sandwich do Sul, Ilhas;2022;1788.0;2797.0
Geórgia do Sul e Sandwich do Sul, Ilhas;2023;0.0;0.0
Grécia;2008;11034.0;78819.0
Grécia;2009;52474.0;190076.0
Grécia;2010;42449.0;196361.0
Grécia;2011;82207.0;414329.0
Grécia;2012;68966.0;323206.0
Grécia;2013;13241.0;71175.0
Grécia;2014;24244.0;107195.0
Grécia;2015;55680.0;190185.0
Grécia;2016;6568.0;18637.0
Grécia;2017;40775.0;139486.0
Grécia;2018;41601.0;135185.0
Grécia;2019;21251.0;70881.0
Grécia;2020;61181.0;219292.0
Grécia;2021;13619.0;55228.0
Grécia;2022;45440.0;148515.0
Grécia;2023;45889.0;147724.0
Hong Kong;2008;0.0;0.0
Hong Kong;2009;0.0;0.0
Hong Kong;2010;0.0;0.0
Hong Kong;2011;0.0;0.0
Hong Kong;2012;0.0;0.0
Hong Kong;2013;0.0;0.0
Hong Kong;2014;0.0;0.0
Hong Kong;2015;0.0;0.0
Hong Kong;2016;0.0;0.0
Hong Kong;2017;0.0;0.0
Hong Kong;2018;0.0;0.0
Hong Kong;2019;0.0;0.0
Hong Kong;2020;311.0;2776.0
Hong Kong;2021;0.0;0.0
Hong Kong;2022;0.0;0.0
Hong Kong;2023;0.0;0.0
Hungria;2008;15981.0;90021.0
Hungria;2009;12632.0;87626.0
Hungria;2010;15193.0;160961.0
Hungria;2011;15073.0;256240.0
Hungria;2012;10404.0;168862.0
Hungria;2013;10911.0;140198.0
Hungria;2014;18733.0;114610.0
Hungria;2015;5117.0;74688.0
Hungria;2016;8315.0;58756.0
Hungria;2017;23813.0;168353.0
Hungria;2018;23742.0;113405.0
Hungria;2019;34591.0;146500.0
Hungria;2020;5254.0;25250.0
Hungria;2021;20174.0;160816.0
Hungria;2022;29260.0;160168.0
Hungria;2023;41905.0;316481.0
Indonésia;2008;0.0;0.0
Indonésia;2009;0.0;0.0
Indonésia;2010;0.0;0.0
Indonésia;2011;0.0;0.0
Indonésia;2012;0.0;0.0
Indonésia;2013;0.0;0.0
Indonésia;2014;0.0;0.0
Indonésia;2015;0.0;0.0
Indonésia;2016;0.0;43.0
Indonésia;2017;0.0;0.0
Indonésia;2018;36.0;210.0
Indonésia;2019;258.0;1464.0
Indonésia;2020;0.0;0.0
Indonésia;2021;0.0;0.0
Indonésia;2022;0.0;0.0
Indonésia;2023;0.0;0.0
Irlanda;2008;0.0;0.0
Irlanda;2009;0.0;0.0
Irlanda;2010;0.0;0.0
Irlanda;2011;0.0;0.0
Irlanda;2012;0.0;0.0
Irlanda;2013;0.0;0.0
Irlanda;2014;0.0;0.0
Irlanda;2015;0.0;0.0
Irlanda;2016;0.0;43.0
Irlanda;2017;0.0;0.0
Irlanda;2018;107.0;954.0
Irlanda;2019;179.0;1705.0
Irlanda;2020;0.0;0.0
Irlanda;2021;0.0;0.0
Irlanda;2022;0.0;0.0
Irlanda;2023;0.0;0.0
Israel;2008;8694.0;41161.0
Israel;2009;8924.0;36534.0
Israel;2010;15782.0;93252.0
Israel;2011;16382.0;68676.0
Israel;2012;8439.0;47579.0
Israel;2013;24622.0;97645.0
Israel;2014;7734.0;40372.0
Israel;2015;19028.0;55248.0
Israel;2016;12548.0;44277.0
Israel;2017;37302.0;120463.0
Israel;2018;40354.0;182017.0
Israel;2019;52237.0;182602.0
Israel;2020;38239.0;224349.0
Israel;2021;60281.0;298732.0
Israel;2022;19589.0;82489.0
Israel;2023;48772.0;259405.0
Itália;2008;9723292.0;24378627.0
Itália;2009;8387908.0;23079424.0
Itália;2010;11911190.0;28683242.0
Itália;2011;12025827.0;35481781.0
Itália;2012;10506144.0;30750897.0
Itália;2013;8308831.0;30799292.0
Itália;2014;8566756.0;31697736.0
Itália;2015;8261383.0;25846195.0
Itália;2016;7936409.0;22216811.0
Itália;2017;11538990.0;33707111.0
Itália;2018;10154564.0;34857594.0
Itália;2019;10323254.0;33355982.0
Itália;2020;9659999.0;32477890.0
Itália;2021;11231625.0;39852162.0
Itália;2022;9622119.0;33330465.0
Itália;2023;8868133.0;34760596.0
Iugoslávia;2008;0.0;0.0
Iugoslávia;2009;0.0;0.0
Iugoslávia;2010;0.0;0.0
Iugoslávia;2011;0.0;0.0
Iugoslávia;2012;0.0;0.0
Iugoslávia;2013;0.0;0.0
Iugoslávia;2014;0.0;0.0
Iugoslávia;2015;0.0;0.0
Iugoslávia;2016;0.0;0.0
Iugoslávia;2017;0.0;0.0
Iugoslávia;2018;0.0;0.0
Iugoslávia;2019;0.0;0.0
Iugoslávia;2020;0.0;0.0
Iugoslávia;2021;0.0;0.0
Iugoslávia;2022;0.0;0.0
Iugoslávia;2023;0.0;0.0
Japão;2008;0.0;0.0
Japão;2009;0.0;0.0
Japão;2010;0.0;0.0
Japão;2011;0.0;0.0
Japão;2012;0.0;0.0
Japão;2013;0.0;0.0
Japão;2014;0.0;0.0
Japão;2015;0.0;0.0
Japão;2016;0.0;0.0
Japão;2017;0.0;0.0
Japão;2018;0.0;0.0
Japão;2019;153.0;1429.0
Japão;2020;0.0;0.0
Japão;2021;0.0;0.0
Japão;2022;0.0;0.0
Japão;2023;86.0;3427.0
Luxemburgo;2008;0.0;0.0
Luxemburgo;2009;0.0;0.0
Luxemburgo;2010;0.0;0.0
Luxemburgo;2011;0.0;0.0
Luxemburgo;2012;0.0;0.0
Luxemburgo;2013;0.0;0.0
Luxemburgo;2014;0.0;0.0
Luxemburgo;2015;0.0;0.0
Luxemburgo;2016;0.0;43.0
Luxemburgo;2017;0.0;0.0
Luxemburgo;2018;5.0;42.0
Luxemburgo;2019;0.0;0.0
Luxemburgo;2020;0.0;0.0
Luxemburgo;2021;0.0;0.0
Luxemburgo;2022;0.0;0.0
Luxemburgo;2023;0.0;0.0
Líbano;2008;10270.0;47054.0
Líbano;2009;5310.0;34971.0
Líbano;2010;15741.0;123283.0
Líbano;2011;17685.0;137954.0
Líbano;2012;5805.0;47826.0
Líbano;2013;6588.0;75810.0
Líbano;2014;47610.0;270145.0
Líbano;2015;6480.0;56196.0
Líbano;2016;10665.0;71374.0
Líbano;2017;12737.0;93480.0
Líbano;2018;19742.0;150044.0
Líbano;2019;21836.0;167358.0
Líbano;2020;12384.0;45908.0
Líbano;2021;24194.0;78872.0
Líbano;2022;30149.0;182548.0
Líbano;2023;14328.0;106610.0
Macedônia;2008;0.0;0.0
Macedônia;2009;0.0;0.0
Macedônia;2010;0.0;0.0
Macedônia;2011;0.0;0.0
Macedônia;2012;0.0;0.0
Macedônia;2013;0.0;0.0
Macedônia;2014;252.0;497.0
Macedônia;2015;0.0;0.0
Macedônia;2016;0.0;0.0
Macedônia;2017;0.0;0.0
Macedônia;2018;0.0;0.0
Macedônia;2019;1323.0;874.0
Macedônia;2020;0.0;0.0
Macedônia;2021;0.0;0.0
Macedônia;2022;0.0;0.0
Macedônia;2023;8522.0;17172.0
Marrocos;2008;0.0;0.0
Marrocos;2009;0.0;0.0
Marrocos;2010;0.0;0.0
Marrocos;2011;0.0;0.0
Marrocos;2012;450.0;3851.0
Marrocos;2013;0.0;0.0
Marrocos;2014;0.0;0.0
Marrocos;2015;1755.0;15082.0
Marrocos;2016;0.0;0.0
Marrocos;2017;0.0;0.0
Marrocos;2018;0.0;0.0
Marrocos;2019;2250.0;16816.0
Marrocos;2020;2160.0;8326.0
Marrocos;2021;986.0;6958.0
Marrocos;2022;13932.0;46497.0
Marrocos;2023;603.0;2349.0
Moldávia;2008;0.0;0.0
Moldávia;2009;0.0;0.0
Moldávia;2010;0.0;0.0
Moldávia;2011;0.0;0.0
Moldávia;2012;0.0;0.0
Moldávia;2013;0.0;0.0
Moldávia;2014;0.0;0.0
Moldávia;2015;0.0;0.0
Moldávia;2016;0.0;0.0
Moldávia;2017;0.0;0.0
Moldávia;2018;0.0;0.0
Moldávia;2019;0.0;0.0
Moldávia;2020;5832.0;8965.0
Moldávia;2021;25998.0;66480.0
Moldávia;2022;38336.0;70282.0
Moldávia;2023;0.0;0.0
Montenegro;2008;0.0;0.0
Montenegro;2009;0.0;0.0
Montenegro;2010;0.0;0.0
Montenegro;2011;0.0;0.0
Montenegro;2012;0.0;0.0
Montenegro;2013;0.0;0.0
Montenegro;2014;0.0;0.0
Montenegro;2015;0.0;0.0
Montenegro;2016;0.0;0.0
Montenegro;2017;0.0;0.0
Montenegro;2018;0.0;0.0
Montenegro;2019;1701.0;5440.0
Montenegro;2020;0.0;0.0
Montenegro;2021;0.0;0.0
Montenegro;2022;0.0;0.0
Montenegro;2023;51189.0;138741.0
México;2008;0.0;0.0
México;2009;0.0;0.0
México;2010;7004.0;63663.0
México;2011;0.0;0.0
México;2012;0.0;0.0
México;2013;0.0;0.0
México;2014;0.0;0.0
México;2015;0.0;0.0
México;2016;0.0;0.0
México;2017;0.0;0.0
México;2018;134.0;804.0
México;2019;646.0;3927.0
México;2020;33.0;181.0
México;2021;4.0;19.0
México;2022;0.0;0.0
México;2023;0.0;0.0
Noruega;2008;0.0;0.0
Noruega;2009;0.0;0.0
Noruega;2010;0.0;0.0
Noruega;2011;0.0;0.0
Noruega;2012;0.0;0.0
Noruega;2013;0.0;0.0
Noruega;2014;0.0;0.0
Noruega;2015;0.0;0.0
Noruega;2016;396.0;253.0
Noruega;2017;5.0;27.0
Noruega;2018;0.0;0.0
Noruega;2019;0.0;0.0
Noruega;2020;0.0;0.0
Noruega;2021;0.0;0.0
Noruega;2022;0.0;0.0
Noruega;2023;0.0;0.0
Nova Zelândia;2008;58408.0;536625.0
Nova Zelândia;2009;30806.0;302244.0
Nova Zelândia;2010;102683.0;947043.0
Nova Zelândia;2011;151194.0;1267863.0
Nova Zelândia;2012;81611.0;790355.0
Nova Zelândia;2013;90728.0;840521.0
Nova Zelândia;2014;106251.0;843533.0
Nova Zelândia;2015;117340.0;950751.0
Nova Zelândia;2016;50177.0;361030.0
Nova Zelândia;2017;31379.0;248412.0
Nova Zelândia;2018;130854.0;686193.0
Nova Zelândia;2019;133179.0;776830.0
Nova Zelândia;2020;15372.0;89763.0
Nova Zelândia;2021;21995.0;137547.0
Nova Zelândia;2022;52265.0;403597.0
Nova Zelândia;2023;28665.0;254138.0
Não consta na tabela;2008;0.0;0.0
Não consta na tabela;2009;0.0;0.0
Não consta na tabela;2010;0.0;0.0
Não consta na tabela;2011;0.0;0.0
Não consta na tabela;2012;0.0;0.0
Não consta na tabela;2013;0.0;0.0
Não consta na tabela;2014;0.0;0.0
Não consta na tabela;2015;0.0;0.0
Não consta na tabela;2016;0.0;0.0
Não consta na tabela;2017;0.0;0.0
Não consta na tabela;2018;0.0;0.0
Não consta na tabela;2019;0.0;0.0
Não consta na tabela;2020;0.0;0.0
Não consta na tabela;2021;0.0;0.0
Não consta na tabela;2022;0.0;0.0
Não consta na tabela;2023;0.0;0.0
Não declarados;2008;0.0;0.0
Não declarados;2009;0.0;0.0
Não declarados;2010;0.0;0.0
Não declarados;2011;0.0;0.0
Não declarados;2012;0.0;0.0
Não declarados;2013;0.0;0.0
Não declarados;2014;0.0;0.0
Não declarados;2015;0.0;0.0
Não declarados;2016;0.0;0.0
Não declarados;2017;0.0;0.0
Não declarados;2018;0.0;0.0
Não declarados;2019;0.0;0.0
Não declarados;2020;0.0;0.0
Não declarados;2021;0.0;0.0
Não declarados;2022;0.0;0.0
Não declarados;2023;0.0;0.0
Outros;2008;0.0;0.0
Outros;2009;0.0;0.0
Outros;2010;0.0;0.0
Outros;2011;0.0;0.0
Outros;2012;0.0;0.0
Outros;2013;0.0;0.0
Outros;2014;0.0;0.0
Outros;2015;0.0;0.0
Outros;2016;0.0;0.0
Outros;2017;0.0;0.0
Outros;2018;0.0;0.0
Outros;2019;0.0;0.0
Outros;2020;0.0;0.0
Outros;2021;0.0;0.0
Outros;2022;0.0;0.0
Outros;2023;0.0;0.0
Panamá;2008;0.0;0.0
Panamá;2009;0.0;0.0
Panamá;2010;0.0;0.0
Panamá;2011;0.0;0.0
Panamá;2012;0.0;0.0
Panamá;2013;0.0;0.0
Panamá;2014;0.0;0.0
Panamá;2015;0.0;0.0
Panamá;2016;0.0;0.0
Panamá;2017;0.0;0.0
Panamá;2018;0.0;0.0
Panamá;2019;17.0;96.0
Panamá;2020;0.0;0.0
Panamá;2021;0.0;0.0
Panamá;2022;0.0;0.0
Panamá;2023;0.0;0.0
Países Baixos (Holanda);2008;0.0;0.0
Países Baixos (Holanda);2009;0.0;0.0
Países Baixos (Holanda);2010;0.0;0.0
Países Baixos (Holanda);2011;0.0;0.0
Países Baixos (Holanda);2012;0.0;0.0
Países Baixos (Holanda);2013;0.0;0.0
Países Baixos (Holanda);2014;0.0;0.0
Países Baixos (Holanda);2015;0.0;0.0
Países Baixos (Holanda);2016;0.0;43.0
Países Baixos (Holanda);2017;0.0;0.0
Países Baixos (Holanda);2018;283.0;8719.0
Países Baixos (Holanda);2019;634.0;5297.0
Países Baixos (Holanda);2020;2285.0;22990.0
Países Baixos (Holanda);2021;0.0;0.0
Países Baixos (Holanda);2022;0.0;0.0
Países Baixos (Holanda);2023;9.0;354.0
Peru;2008;0.0;0.0
Peru;2009;0.0;0.0
Peru;2010;33.0;252.0
Peru;2011;0.0;0.0
Peru;2012;0.0;0.0
Peru;2013;0.0;0.0
Peru;2014;3201.0;7906.0
Peru;2015;0.0;0.0
Peru;2016;0.0;0.0
Peru;2017;0.0;0.0
Peru;2018;77.0;653.0
Peru;2019;0.0;0.0
Peru;2020;0.0;0.0
Peru;2021;0.0;0.0
Peru;2022;17861.0;84084.0
Peru;2023;12276.0;58862.0
Porto Rico;2008;0.0;0.0
Porto Rico;2009;0.0;0.0
Porto Rico;2010;0.0;0.0
Porto Rico;2011;0.0;0.0
Porto Rico;2012;0.0;0.0
Porto Rico;2013;0.0;0.0
Porto Rico;2014;0.0;0.0
Porto Rico;2015;0.0;0.0
Porto Rico;2016;0.0;0.0
Porto Rico;2017;0.0;0.0
Porto Rico;2018;47.0;404.0
Porto Rico;2019;21.0;115.0
Porto Rico;2020;54.0;1090.0
Porto Rico;2021;0.0;0.0
Porto Rico;2022;0.0;0.0
Porto Rico;2023;2021.0;4481.0
Portugal;2008;6213781.0;23826443.0
Portugal;2009;5884719.0;23688318.0
Portugal;2010;7801759.0;29299792.0
Portugal;2011;8556375.0;35247223.0
Portugal;2012;9714940.0;36190898.0
Portugal;2013;9299080.0;35729522.0
Portugal;2014;9735153.0;37071142.0
Portugal;2015;9952290.0;32547365.0
Portugal;2016;10821232.0;29495190.0
Portugal;2017;17345709.0;45032247.0
Portugal;2018;17698831.0;53237413.0
Portugal;2019;18228699.0;51444189.0
Portugal;2020;23627260.0;66353572.0
Portugal;2021;25925363.0;75668823.0
Portugal;2022;24108787.0;64795326.0
Portugal;2023;25099409.0;71970948.0
Reino Unido;2008;315.0;10257.0
Reino Unido;2009;10236.0;53375.0
Reino Unido;2010;621.0;22292.0
Reino Unido;2011;270.0;6021.0
Reino Unido;2012;406.0;26466.0
Reino Unido;2013;127.0;2789.0
Reino Unido;2014;315.0;9410.0
Reino Unido;2015;90.0;1352.0
Reino Unido;2016;5.0;255.0
Reino Unido;2017;16.0;1033.0
Reino Unido;2018;4126.0;51034.0
Reino Unido;2019;4819.0;46623.0
Reino Unido;2020;2586.0;22935.0
Reino Unido;2021;1164.0;9357.0
Reino Unido;2022;1655.0;19595.0
Reino Unido;2023;1808.0;32757.0
Republica Dominicana;2008;0.0;0.0
Republica Dominicana;2009;0.0;0.0
Republica Dominicana;2010;0.0;0.0
Republica Dominicana;2011;0.0;0.0
Republica Dominicana;2012;0.0;0.0
Republica Dominicana;2013;0.0;0.0
Republica Dominicana;2014;0.0;0.0
Republica Dominicana;2015;0.0;0.0
Republica Dominicana;2016;0.0;43.0
Republica Dominicana;2017;0.0;0.0
Republica Dominicana;2018;2.0;13.0
Republica Dominicana;2019;0.0;0.0
Republica Dominicana;2020;0.0;0.0
Republica Dominicana;2021;0.0;0.0
Republica Dominicana;2022;0.0;0.0
Republica Dominicana;2023;0.0;0.0
Roménia;2008;0.0;0.0
Roménia;2009;0.0;0.0
Roménia;2010;0.0;0.0
Roménia;2011;0.0;0.0
Roménia;2012;33750.0;85321.0
Roménia;2013;0.0;0.0
Roménia;2014;4163.0;5629.0
Roménia;2015;5950.0;7925.0
Roménia;2016;0.0;0.0
Roménia;2017;18509.0;52150.0
Roménia;2018;13719.0;9695.0
Roménia;2019;5196.0;6706.0
Roménia;2020;30635.0;70269.0
Roménia;2021;33770.0;99562.0
Roménia;2022;47715.0;99616.0
Roménia;2023;36775.0;98835.0
Rússia;2008;0.0;0.0
Rússia;2009;0.0;0.0
Rússia;2010;0.0;0.0
Rússia;2011;0.0;0.0
Rússia;2012;0.0;0.0
Rússia;2013;0.0;0.0
Rússia;2014;0.0;0.0
Rússia;2015;0.0;0.0
Rússia;2016;0.0;43.0
Rússia;2017;0.0;0.0
Rússia;2018;17483.0;66160.0
Rússia;2019;0.0;0.0
Rússia;2020;0.0;0.0
Rússia;2021;32179.0;64905.0
Rússia;2022;0.0;0.0
Rússia;2023;0.0;0.0
San Marino;2008;0.0;0.0
San Marino;2009;0.0;0.0
San Marino;2010;0.0;0.0
San Marino;2011;0.0;0.0
San Marino;2012;0.0;0.0
San Marino;2013;0.0;0.0
San Marino;2014;0.0;0.0
San Marino;2015;0.0;0.0
San Marino;2016;0.0;0.0
San Marino;2017;0.0;0.0
San Marino;2018;0.0;0.0
San Marino;2019;0.0;0.0
San Marino;2020;0.0;0.0
San Marino;2021;1095.0;2237.0
San Marino;2022;0.0;0.0
San Marino;2023;0.0;0.0
Suazilândia;2008;0.0;0.0
Suazilândia;2009;0.0;0.0
Suazilândia;2010;0.0;0.0
Suazilândia;2011;0.0;0.0
Suazilândia;2012;0.0;0.0
Suazilândia;2013;0.0;0.0
Suazilândia;2014;0.0;0.0
Suazilândia;2015;0.0;0.0
Suazilândia;2016;0.0;0.0
Suazilândia;2017;0.0;0.0
Suazilândia;2018;0.0;0.0
Suazilândia;2019;0.0;0.0
Suazilândia;2020;0.0;0.0
Suazilândia;2021;0.0;0.0
Suazilândia;2022;0.0;0.0
Suazilândia;2023;320.0;6968.0
Suíça;2008;1194.0;5359.0
Suíça;2009;4860.0;13129.0
Suíça;2010;2483.0;8010.0
Suíça;2011;0.0;0.0
Suíça;2012;0.0;0.0
Suíça;2013;0.0;0.0
Suíça;2014;0.0;0.0
Suíça;2015;1125.0;6284.0
Suíça;2016;6.0;245.0
Suíça;2017;138.0;2873.0
Suíça;2018;559.0;7647.0
Suíça;2019;4510.0;63619.0
Suíça;2020;735.0;5848.0
Suíça;2021;7.0;157.0
Suíça;2022;0.0;0.0
Suíça;2023;2109.0;101111.0
Sérvia;2008;0.0;0.0
Sérvia;2009;0.0;0.0
Sérvia;2010;0.0;0.0
Sérvia;2011;0.0;0.0
Sérvia;2012;0.0;0.0
Sérvia;2013;0.0;0.0
Sérvia;2014;0.0;0.0
Sérvia;2015;0.0;0.0
Sérvia;2016;0.0;0.0
Sérvia;2017;0.0;0.0
Sérvia;2018;0.0;0.0
Sérvia;2019;0.0;0.0
Sérvia;2020;0.0;0.0
Sérvia;2021;3471.0;8302.0
Sérvia;2022;0.0;0.0
Sérvia;2023;0.0;0.0
Síria;2008;0.0;0.0
Síria;2009;0.0;0.0
Síria;2010;0.0;0.0
Síria;2011;0.0;0.0
Síria;2012;0.0;0.0
Síria;2013;0.0;0.0
Síria;2014;0.0;0.0
Síria;2015;0.0;0.0
Síria;2016;0.0;0.0
Síria;2017;398.0;269.0
Síria;2018;0.0;0.0
Síria;2019;641.0;409.0
Síria;2020;0.0;0.0
Síria;2021;484.0;1280.0
Síria;2022;1094.0;5187.0
Síria;2023;0.0;0.0
Tcheca, República;2008;0.0;0.0
Tcheca, República;2009;0.0;0.0
Tcheca, República;2010;0.0;0.0
Tcheca, República;2011;0.0;0.0
Tcheca, República;2012;0.0;0.0
Tcheca, República;2013;0.0;0.0
Tcheca, República;2014;0.0;0.0
Tcheca, República;2015;0.0;0.0
Tcheca, República;2016;0.0;0.0
Tcheca, República;2017;0.0;0.0
Tcheca, República;2018;0.0;0.0
Tcheca, República;2019;0.0;0.0
Tcheca, República;2020;0.0;0.0
Tcheca, República;2021;225.0;5528.0
Tcheca, República;2022;4950.0;12044.0
Tcheca, República;2023;0.0;0.0
Tunísia;2008;0.0;0.0
Tunísia;2009;0.0;0.0
Tunísia;2010;0.0;0.0
Tunísia;2011;16420.0;37492.0
Tunísia;2012;19913.0;42918.0
Tunísia;2013;8000.0;20892.0
Tunísia;2014;0.0;0.0
Tunísia;2015;0.0;0.0
Tunísia;2016;0.0;0.0
Tunísia;2017;0.0;0.0
Tunísia;2018;0.0;0.0
Tunísia;2019;0.0;0.0
Tunísia;2020;0.0;0.0
Tunísia;2021;0.0;0.0
Tunísia;2022;0.0;0.0
Tunísia;2023;0.0;0.0
Turquia;2008;0.0;0.0
Turquia;2009;0.0;0.0
Turquia;2010;0.0;0.0
Turquia;2011;0.0;0.0
Turquia;2012;0.0;0.0
Turquia;2013;0.0;0.0
Turquia;2014;0.0;0.0
Turquia;2015;32247.0;109741.0
Turquia;2016;0.0;0.0
Turquia;2017;0.0;0.0
Turquia;2018;1591.0;1245.0
Turquia;2019;0.0;0.0
Turquia;2020;17563.0;55039.0
Turquia;2021;0.0;0.0
Turquia;2022;22087.0;38817.0
Turquia;2023;0.0;0.0
Ucrânia;2008;0.0;0.0
Ucrânia;2009;0.0;0.0
Ucrânia;2010;0.0;0.0
Ucrânia;2011;0.0;0.0
Ucrânia;2012;0.0;0.0
Ucrânia;2013;0.0;0.0
Ucrânia;2014;0.0;0.0
Ucrânia;2015;0.0;0.0
Ucrânia;2016;5319.0;9679.0
Ucrânia;2017;865.0;931.0
Ucrânia;2018;0.0;0.0
Ucrânia;2019;4646.0;3074.0
Ucrânia;2020;0.0;0.0
Ucrânia;2021;0.0;0.0
Ucrânia;2022;0.0;0.0
Ucrânia;2023;0.0;0.0
Uruguai;2008;920389.0;2089539.0
Uruguai;2009;750343.0;1953390.0
Uruguai;2010;1219387.0;3175051.0
Uruguai;2011;1264306.0;3481552.0
Uruguai;2012;1323884.0;3735892.0
Uruguai;2013;1372329.0;3740613.0
Uruguai;2014;1237537.0;3782282.0
Uruguai;2015;1399547.0;4069100.0
Uruguai;2016;2215692.0;5099162.0
Uruguai;2017;5009098.0;7751966.0
Uruguai;2018;2836574.0;8467846.0
Uruguai;2019;2778244.0;7938059.0
Uruguai;2020;4079076.0;10146829.0
Uruguai;2021;3788831.0;10063341.0
Uruguai;2022;3394161.0;9867675.0
Uruguai;2023;2905567.0;9276001.0
Âustria;2008;0.0;0.0
Âustria;2009;1895.0;12073.0
Âustria;2010;2329.0;30075.0
Âustria;2011;6357.0;56227.0
Âustria;2012;8098.0;85116.0
Âustria;2013;56849.0;227204.0
Âustria;2014;2770.0;32116.0
Âustria;2015;360.0;3891.0
Âustria;2016;1485.0;7551.0
Âustria;2017;2655.0;24629.0
Âustria;2018;513995.0;1567866.0
Âustria;2019;348289.0;128379.0
Âustria;2020;6540.0;52348.0
Âustria;2021;13427.0;141822.0
Âustria;2022;7403.0;53974.0
Âustria;2023;16832.0;145475.0
